{
  "pohang": {
    "event": "Pohang 2022",
    "quantile_thresholds": {
      "q90": 1.0,
      "q95": 1.0,
      "q99": 1.0
    },
    "n_valid_pixels": 912384,
    "n_actual_positive": 1099,
    "filters": {
      "F0_baseline": {
        "TP": 1005,
        "FP": 633635,
        "FN": 94,
        "TN": 277650,
        "N": 912384,
        "actual_pos": 1099,
        "pred_pos": 634640,
        "POD": 0.9144676979071884,
        "FAR": 0.9984164250598765,
        "CSI": 0.0015833404229173165,
        "F1": 0.003161674838259097,
        "precision": 0.0015835749401235345,
        "recall": 0.9144676979071884,
        "kept_fraction": 0.6955843153759821,
        "label": "F0: baseline"
      },
      "F1_hillslope": {
        "TP": 229,
        "FP": 131349,
        "FN": 870,
        "TN": 779936,
        "N": 912384,
        "actual_pos": 1099,
        "pred_pos": 131578,
        "POD": 0.2083712465878071,
        "FAR": 0.9982595874690298,
        "CSI": 0.001728980430055569,
        "F1": 0.0034519924327502125,
        "precision": 0.001740412530970223,
        "recall": 0.2083712465878071,
        "kept_fraction": 0.14421340137485972,
        "label": "F1: hillslope"
      },
      "F2_top10pct": {
        "TP": 760,
        "FP": 485950,
        "FN": 339,
        "TN": 425335,
        "N": 912384,
        "actual_pos": 1099,
        "pred_pos": 486710,
        "POD": 0.6915377616014559,
        "FAR": 0.998438495202482,
        "CSI": 0.0015604179456276473,
        "F1": 0.0031159736700224886,
        "precision": 0.0015615047975180293,
        "recall": 0.6915377616014559,
        "kept_fraction": 0.5334486356621774,
        "label": "F2: prob top-10%"
      },
      "F3_top5pct": {
        "TP": 760,
        "FP": 485950,
        "FN": 339,
        "TN": 425335,
        "N": 912384,
        "actual_pos": 1099,
        "pred_pos": 486710,
        "POD": 0.6915377616014559,
        "FAR": 0.998438495202482,
        "CSI": 0.0015604179456276473,
        "F1": 0.0031159736700224886,
        "precision": 0.0015615047975180293,
        "recall": 0.6915377616014559,
        "kept_fraction": 0.5334486356621774,
        "label": "F3: prob top-5%"
      },
      "F4_top1pct": {
        "TP": 760,
        "FP": 485950,
        "FN": 339,
        "TN": 425335,
        "N": 912384,
        "actual_pos": 1099,
        "pred_pos": 486710,
        "POD": 0.6915377616014559,
        "FAR": 0.998438495202482,
        "CSI": 0.0015604179456276473,
        "F1": 0.0031159736700224886,
        "precision": 0.0015615047975180293,
        "recall": 0.6915377616014559,
        "kept_fraction": 0.5334486356621774,
        "label": "F4: prob top-1%"
      },
      "F5_hillslope_top10": {
        "TP": 71,
        "FP": 37786,
        "FN": 1028,
        "TN": 873499,
        "N": 912384,
        "actual_pos": 1099,
        "pred_pos": 37857,
        "POD": 0.0646041856232939,
        "FAR": 0.9981245212246084,
        "CSI": 0.001825896875401826,
        "F1": 0.003645138104528185,
        "precision": 0.0018754787753916052,
        "recall": 0.0646041856232939,
        "kept_fraction": 0.04149239793771044,
        "label": "F5: F1 \u2229 top-10%"
      },
      "F6_hillslope_top5": {
        "TP": 71,
        "FP": 37786,
        "FN": 1028,
        "TN": 873499,
        "N": 912384,
        "actual_pos": 1099,
        "pred_pos": 37857,
        "POD": 0.0646041856232939,
        "FAR": 0.9981245212246084,
        "CSI": 0.001825896875401826,
        "F1": 0.003645138104528185,
        "precision": 0.0018754787753916052,
        "recall": 0.0646041856232939,
        "kept_fraction": 0.04149239793771044,
        "label": "F6: F1 \u2229 top-5%"
      },
      "F7_slope20": {
        "TP": 54,
        "FP": 44918,
        "FN": 1045,
        "TN": 866367,
        "N": 912384,
        "actual_pos": 1099,
        "pred_pos": 44972,
        "POD": 0.04913557779799818,
        "FAR": 0.9987992528684515,
        "CSI": 0.001173479366321142,
        "F1": 0.002344207853096308,
        "precision": 0.001200747131548519,
        "recall": 0.04913557779799818,
        "kept_fraction": 0.04929064955106622,
        "label": "F7: slope > 20\u00b0"
      },
      "F8_compound": {
        "TP": 25,
        "FP": 27737,
        "FN": 1074,
        "TN": 883548,
        "N": 912384,
        "actual_pos": 1099,
        "pred_pos": 27762,
        "POD": 0.022747952684258416,
        "FAR": 0.9990994885094734,
        "CSI": 0.0008669718407546123,
        "F1": 0.0017324417033366829,
        "precision": 0.0009005114905266191,
        "recall": 0.022747952684258416,
        "kept_fraction": 0.030427977693602695,
        "label": "F8: F1 \u2229 slope>20\u00b0 \u2229 prob>0.9"
      }
    }
  },
  "yecheon": {
    "event": "Yecheon 2023",
    "quantile_thresholds": {
      "q90": 1.0,
      "q95": 1.0,
      "q99": 1.0
    },
    "n_valid_pixels": 11113520,
    "n_actual_positive": 183507,
    "filters": {
      "F0_baseline": {
        "TP": 88774,
        "FP": 6043493,
        "FN": 94733,
        "TN": 4886520,
        "N": 11113520,
        "actual_pos": 183507,
        "pred_pos": 6132267,
        "POD": 0.4837635621529424,
        "FAR": 0.985523461388749,
        "CSI": 0.014256303195760399,
        "F1": 0.02811183554066374,
        "precision": 0.014476538611250945,
        "recall": 0.4837635621529424,
        "kept_fraction": 0.551784403141399,
        "label": "F0: baseline"
      },
      "F1_hillslope": {
        "TP": 76494,
        "FP": 3539847,
        "FN": 107013,
        "TN": 7390166,
        "N": 11113520,
        "actual_pos": 183507,
        "pred_pos": 3616341,
        "POD": 0.4168451339730909,
        "FAR": 0.9788476805699462,
        "CSI": 0.020544380147576622,
        "F1": 0.040261610464418576,
        "precision": 0.02115231943005375,
        "recall": 0.4168451339730909,
        "kept_fraction": 0.3254001432489436,
        "label": "F1: hillslope"
      },
      "F2_top10pct": {
        "TP": 26357,
        "FP": 2695461,
        "FN": 157150,
        "TN": 8234552,
        "N": 11113520,
        "actual_pos": 183507,
        "pred_pos": 2721818,
        "POD": 0.14362939833357855,
        "FAR": 0.9903163988187307,
        "CSI": 0.009155016658747163,
        "F1": 0.018143925378400007,
        "precision": 0.009683601181269284,
        "recall": 0.14362939833357855,
        "kept_fraction": 0.2449105233985272,
        "label": "F2: prob top-10%"
      },
      "F3_top5pct": {
        "TP": 26357,
        "FP": 2695461,
        "FN": 157150,
        "TN": 8234552,
        "N": 11113520,
        "actual_pos": 183507,
        "pred_pos": 2721818,
        "POD": 0.14362939833357855,
        "FAR": 0.9903163988187307,
        "CSI": 0.009155016658747163,
        "F1": 0.018143925378400007,
        "precision": 0.009683601181269284,
        "recall": 0.14362939833357855,
        "kept_fraction": 0.2449105233985272,
        "label": "F3: prob top-5%"
      },
      "F4_top1pct": {
        "TP": 26357,
        "FP": 2695461,
        "FN": 157150,
        "TN": 8234552,
        "N": 11113520,
        "actual_pos": 183507,
        "pred_pos": 2721818,
        "POD": 0.14362939833357855,
        "FAR": 0.9903163988187307,
        "CSI": 0.009155016658747163,
        "F1": 0.018143925378400007,
        "precision": 0.009683601181269284,
        "recall": 0.14362939833357855,
        "kept_fraction": 0.2449105233985272,
        "label": "F4: prob top-1%"
      },
      "F5_hillslope_top10": {
        "TP": 17790,
        "FP": 911987,
        "FN": 165717,
        "TN": 10018026,
        "N": 11113520,
        "actual_pos": 183507,
        "pred_pos": 929777,
        "POD": 0.09694453072634832,
        "FAR": 0.9808663797878416,
        "CSI": 0.016239249142396033,
        "F1": 0.03195950000179649,
        "precision": 0.0191336202121584,
        "recall": 0.09694453072634832,
        "kept_fraction": 0.08366179212346764,